[
  {
    "customer_id": "CUST001",
    "first_name": "Amit",
    "last_name": "Sharma",
    "email": "amit.sharma@gmail.com",
    "phone": "9876543210",
    "address": "Pune, Maharashtra",
    "date_of_birth": "1995-06-15",
    "account_balance": 25000.50,
    "created_at": "2024-01-01T10:00:00"
  },
  {
    "customer_id": "CUST002",
    "first_name": "Rahul",
    "last_name": "Verma",
    "email": "rahul.verma@gmail.com",
    "phone": "9123456789",
    "address": "Mumbai, Maharashtra",
    "date_of_birth": "1992-04-20",
    "account_balance": 18000.00,
    "created_at": "2024-01-02T11:30:00"
  },
  {
    "customer_id": "CUST003",
    "first_name": "Sneha",
    "last_name": "Patil",
    "email": "sneha.patil@gmail.com",
    "phone": "9988776655",
    "address": "Kolhapur, Maharashtra",
    "date_of_birth": "1996-02-10",
    "account_balance": 32000.75,
    "created_at": "2024-01-03T09:15:00"
  },
  {
    "customer_id": "CUST004",
    "first_name": "Rohit",
    "last_name": "Kumar",
    "email": "rohit.kumar@gmail.com",
    "phone": "9090909090",
    "address": "Delhi",
    "date_of_birth": "1990-12-01",
    "account_balance": 15000.00,
    "created_at": "2024-01-04T14:20:00"
  },
  {
    "customer_id": "CUST005",
    "first_name": "Priya",
    "last_name": "Singh",
    "email": "priya.singh@gmail.com",
    "phone": "8080808080",
    "address": "Bangalore, Karnataka",
    "date_of_birth": "1994-08-22",
    "account_balance": 41000.25,
    "created_at": "2024-01-05T16:45:00"
  },

  {
    "customer_id": "CUST006",
    "first_name": "Ankit",
    "last_name": "Joshi",
    "email": "ankit.joshi@gmail.com",
    "phone": "7777777777",
    "address": "Indore, MP",
    "date_of_birth": "1993-07-19",
    "account_balance": 12000.00,
    "created_at": "2024-01-06T10:00:00"
  },
  {
    "customer_id": "CUST007",
    "first_name": "Neha",
    "last_name": "Kulkarni",
    "email": "neha.k@gmail.com",
    "phone": "6666666666",
    "address": "Nashik, Maharashtra",
    "date_of_birth": "1997-03-05",
    "account_balance": 28500.40,
    "created_at": "2024-01-07T11:00:00"
  },
  {
    "customer_id": "CUST008",
    "first_name": "Sagar",
    "last_name": "More",
    "email": "sagar.more@gmail.com",
    "phone": "5555555555",
    "address": "Satara, Maharashtra",
    "date_of_birth": "1991-09-12",
    "account_balance": 36000.00,
    "created_at": "2024-01-08T12:00:00"
  },
  {
    "customer_id": "CUST009",
    "first_name": "Pooja",
    "last_name": "Mehta",
    "email": "pooja.mehta@gmail.com",
    "phone": "4444444444",
    "address": "Ahmedabad, Gujarat",
    "date_of_birth": "1995-01-18",
    "account_balance": 22000.00,
    "created_at": "2024-01-09T13:00:00"
  },
  {
    "customer_id": "CUST010",
    "first_name": "Vikas",
    "last_name": "Yadav",
    "email": "vikas.yadav@gmail.com",
    "phone": "3333333333",
    "address": "Jaipur, Rajasthan",
    "date_of_birth": "1989-05-25",
    "account_balance": 50000.00,
    "created_at": "2024-01-10T14:00:00"
  },

  {
    "customer_id": "CUST011",
    "first_name": "Kiran",
    "last_name": "Deshmukh",
    "email": "kiran.d@gmail.com",
    "phone": "2222222222",
    "address": "Aurangabad, Maharashtra",
    "date_of_birth": "1996-11-30",
    "account_balance": 27500.90,
    "created_at": "2024-01-11T15:00:00"
  },
  {
    "customer_id": "CUST012",
    "first_name": "Manish",
    "last_name": "Gupta",
    "email": "manish.g@gmail.com",
    "phone": "1111111111",
    "address": "Bhopal, MP",
    "date_of_birth": "1992-10-10",
    "account_balance": 31000.00,
    "created_at": "2024-01-12T16:00:00"
  },
  {
    "customer_id": "CUST013",
    "first_name": "Riya",
    "last_name": "Jain",
    "email": "riya.j@gmail.com",
    "phone": "9999999999",
    "address": "Udaipur, Rajasthan",
    "date_of_birth": "1998-06-06",
    "account_balance": 19000.00,
    "created_at": "2024-01-13T17:00:00"
  },
  {
    "customer_id": "CUST014",
    "first_name": "Nitin",
    "last_name": "Bansal",
    "email": "nitin.b@gmail.com",
    "phone": "8888888888",
    "address": "Noida, UP",
    "date_of_birth": "1990-04-04",
    "account_balance": 45000.00,
    "created_at": "2024-01-14T18:00:00"
  },
  {
    "customer_id": "CUST015",
    "first_name": "Shweta",
    "last_name": "Rao",
    "email": "shweta.rao@gmail.com",
    "phone": "7777888899",
    "address": "Hyderabad, Telangana",
    "date_of_birth": "1994-02-14",
    "account_balance": 33000.00,
    "created_at": "2024-01-15T19:00:00"
  },

  {
    "customer_id": "CUST016",
    "first_name": "Aditya",
    "last_name": "Kulkarni",
    "email": "aditya.k@gmail.com",
    "phone": "6666777788",
    "address": "Pune, Maharashtra",
    "date_of_birth": "1993-09-09",
    "account_balance": 28000.00,
    "created_at": "2024-01-16T20:00:00"
  },
  {
    "customer_id": "CUST017",
    "first_name": "Komal",
    "last_name": "Joshi",
    "email": "komal.j@gmail.com",
    "phone": "5555666677",
    "address": "Nagpur, Maharashtra",
    "date_of_birth": "1997-07-07",
    "account_balance": 21000.00,
    "created_at": "2024-01-17T21:00:00"
  },
  {
    "customer_id": "CUST018",
    "first_name": "Siddhesh",
    "last_name": "Patwardhan",
    "email": "siddhesh.p@gmail.com",
    "phone": "4444555566",
    "address": "Ratnagiri, Maharashtra",
    "date_of_birth": "1991-03-03",
    "account_balance": 39000.00,
    "created_at": "2024-01-18T22:00:00"
  },
  {
    "customer_id": "CUST019",
    "first_name": "Ayesha",
    "last_name": "Khan",
    "email": "ayesha.k@gmail.com",
    "phone": "3333444455",
    "address": "Bangalore, Karnataka",
    "date_of_birth": "1995-12-12",
    "account_balance": 47000.00,
    "created_at": "2024-01-19T23:00:00"
  },
  {
    "customer_id": "CUST020",
    "first_name": "Mohit",
    "last_name": "Agarwal",
    "email": "mohit.a@gmail.com",
    "phone": "2222333344",
    "address": "Surat, Gujarat",
    "date_of_birth": "1988-08-08",
    "account_balance": 52000.00,
    "created_at": "2024-01-20T09:00:00"
  }
]
